"","species","count"
"1","Calypte anna",135
"2","Tyto alba",86
"3","Haemorhous mexicanus",64
"4","Buteo jamaicensis",58
"5","Callipepla californica",57
"6","Corvus brachyrhynchos",55
"7","Aechmophorus occidentalis",53
"8","Cyanocitta stelleri",53
"9","Zenaida macroura",51
"10","Accipiter cooperii",49
"11","Aphelocoma californica",48
"12","Melozone crissalis",45
"13","Junco hyemalis",44
"14","Bubo virginianus",43
"15","Spinus pinus",43
"16","Falco sparverius",40
"17","Bombycilla cedrorum",38
"18","Patagioenas fasciata",35
"19","Catharus guttatus",35
"20","Turdus migratorius",32
"21","Zonotrichia atricapilla",32
"22","Megascops kennicottii",30
"23","Melanerpes formicivorus",30
"24","Calypte costae",24
"25","Uria aalge",24
"26","Elanus leucurus",24
"27","Buteo lineatus",24
"28","Spinus psaltria",24
"29","Colaptes auratus",23
"30","Zonotrichia leucophrys",22
"31","Pipilo maculatus",22
"32","Accipiter striatus",21
"33","Ixoreus naevius",21
"34","Spinus tristis",19
"35","Corthylio calendula",18
"36","Passer domesticus",18
"37","Larus californicus",17
"38","Psaltriparus minimus",17
"39","Nycticorax nycticorax",16
"40","Catharus ustulatus",16
"41","Setophaga coronata",16
"42","Selasphorus sasin",15
"43","Sayornis nigricans",15
"44","Thryomanes bewickii",15
"45","Melospiza melodia",15
"46","Pelecanus occidentalis",14
"47","Fulica americana",13
"48","Mimus polyglottos",13
"49","Passerella iliaca",13
"50","Euphagus cyanocephalus",13
"51","Pheucticus melanocephalus",13
"52","Meleagris gallopavo",12
"53","Larus occidentalis",12
"54","Urile penicillatus",12
"55","Dryobates nuttallii",12
"56","Butorides virescens",11
"57","Poecile rufescens",11
"58","Cardellina pusilla",11
"59","Piranga ludoviciana",11
"60","Columba livia",10
"61","Phalaenoptilus nuttallii",10
"62","Falco mexicanus",10
"63","Petrochelidon pyrrhonota",10
"64","Anas platyrhynchos",9
"65","Aechmophorus clarkii",9
"66","Agelaius phoeniceus",9
"67","Selasphorus rufus",8
"68","Ardenna grisea",8
"69","Nannopterum auritum",8
"70","Cathartes aura",8
"71","Hirundo rustica",8
"72","Leiothlypis celata",8
"73","Athene cunicularia",7
"74","Megaceryle alcyon",7
"75","Sialia mexicana",7
"76","Geothlypis trichas",7
"77","Ardea herodias",6
"78","Dryobates pubescens",6
"79","Corvus corax",6
"80","Baeolophus inornatus",6
"81","Chamaea fasciata",6
"82","Troglodytes aedon",6
"83","Sturnella neglecta",6
"84","Setophaga petechia",6
"85","Setophaga townsendi",6
"86","Melanitta perspicillata",5
"87","Rallus limicola",5
"88","Gallinago delicata",5
"89","Larus delawarensis",5
"90","Hydroprogne caspia",5
"91","Fulmarus glacialis",5
"92","Falco columbarius",5
"93","Vireo gilvus",5
"94","Pica nuttalli",5
"95","Sitta canadensis",5
"96","Sturnus vulgaris",5
"97","Haemorhous purpureus",5
"98","Molothrus ater",5
"99","Oreortyx pictus",4
"100","Phasianus colchicus",4
"101","Laterallus jamaicensis",4
"102","Phalaropus fulicarius",4
"103","Larus glaucescens",4
"104","Gavia pacifica",4
"105","Ardea alba",4
"106","Circus hudsonius",4
"107","Buteo swainsoni",4
"108","Aegolius acadicus",4
"109","Sphyrapicus ruber",4
"110","Vireo huttoni",4
"111","Lanius ludovicianus",4
"112","Coccothraustes vespertinus",4
"113","Podilymbus podiceps",3
"114","Calidris mauri",3
"115","Ptychoramphus aleuticus",3
"116","Cerorhinca monocerata",3
"117","Strix occidentalis",3
"118","Asio otus",3
"119","Falco peregrinus",3
"120","Pica hudsonia",3
"121","Tachycineta thalassina",3
"122","Sitta pygmaea",3
"123","Loxia curvirostra",3
"124","Passerculus sandwichensis",3
"125","Melospiza lincolnii",3
"126","Branta canadensis",2
"127","Spatula clypeata",2
"128","Aythya affinis",2
"129","Oxyura jamaicensis",2
"130","Podiceps nigricollis",2
"131","Chaetura vauxi",2
"132","Himantopus mexicanus",2
"133","Recurvirostra americana",2
"134","Calidris alpina",2
"135","Phalaropus lobatus",2
"136","Cepphus columba",2
"137","Larus heermanni",2
"138","Gavia immer",2
"139","Gavia adamsii",2
"140","Urile pelagicus",2
"141","Pelecanus erythrorhynchos",2
"142","Dryobates villosus",2
"143","Tyrannus verticalis",2
"144","Empidonax traillii",2
"145","Empidonax difficilis",2
"146","Sayornis saya",2
"147","Vireo cassinii",2
"148","Poecile gambeli",2
"149","Tachycineta bicolor",2
"150","Stelgidopteryx serripennis",2
"151","Regulus satrapa",2
"152","Troglodytes pacificus",2
"153","Toxostoma redivivum",2
"154","Chondestes grammacus",2
"155","Pipilo chlorurus",2
"156","Icteria virens",2
"157","Icterus bullockii",2
"158","Parkesia noveboracensis",2
"159","Geothlypis tolmiei",2
"160","Anser caerulescens",1
"161","Anser rossii",1
"162","Aix sponsa",1
"163","Mareca strepera",1
"164","Anas acuta",1
"165","Bucephala clangula",1
"166","Pavo cristatus",1
"167","Gallus gallus",1
"168","Podiceps auritus",1
"169","Geococcyx californianus",1
"170","Archilochus alexandri",1
"171","Selasphorus calliope",1
"172","Porzana carolina",1
"173","Antigone canadensis",1
"174","Haematopus bachmani",1
"175","Pluvialis squatarola",1
"176","Tringa semipalmata",1
"177","Stercorarius longicaudus",1
"178","Synthliboramphus antiquus",1
"179","Leucophaeus atricilla",1
"180","Larus canus",1
"181","Larus argentatus",1
"182","Gavia stellata",1
"183","Hydrobates furcatus",1
"184","Hydrobates homochroa",1
"185","Ardenna tenuirostris",1
"186","Sula leucogaster",1
"187","Botaurus lentiginosus",1
"188","Egretta thula",1
"189","Buteogallus anthracinus",1
"190","Buteo regalis",1
"191","Glaucidium gnoma",1
"192","Asio flammeus",1
"193","Sphyrapicus nuchalis",1
"194","Dryobates albolarvatus",1
"195","Falco rusticolus",1
"196","Eremophila alpestris",1
"197","Sitta carolinensis",1
"198","Certhia americana",1
"199","Oreoscoptes montanus",1
"200","Sialia currucoides",1
"201","Vidua macroura",1
"202","Anthus rubescens",1
"203","Haemorhous cassinii",1
"204","Amphispiza bilineata",1
"205","Spizella passerina",1
"206","Aimophila ruficeps",1
"207","Agelaius tricolor",1
"208","Euphagus carolinus",1
"209","Setophaga pensylvanica",1
"210","Setophaga nigrescens",1
"211","Pheucticus ludovicianus",1
"212","Passerina amoena",1
